{
    "experiment_time_result": 1698425148.3255548,
    "play_result": [
        1698425148.3257976,
        1698425153.259166
    ],
    "record_result": [
        1698425148.3260646,
        1698425153.356747
    ],
    "is_play_finish": true,
    "is_record_finish": true,
    "process_status": {
        "Experiment": "Audio",
        "process_handle_results": 200
    }
}