{
    "experiment_time_result": 1698393267.8545153,
    "play_result": [
        1698393267.8547094,
        1698393272.7891984
    ],
    "record_result": [
        1698393267.8549182,
        1698393272.8996437
    ],
    "is_play_finish": true,
    "is_record_finish": true,
    "process_status": {
        "Experiment": "Audio",
        "process_handle_results": 200
    }
}