{
    "experiment_time_result": 1698420270.1859488,
    "play_result": [
        1698420270.1861916,
        1698420275.1783314
    ],
    "record_result": [
        1698420270.191481,
        1698420275.2205281
    ],
    "is_play_finish": true,
    "is_record_finish": true,
    "process_status": {
        "Experiment": "Audio",
        "process_handle_results": 200
    }
}