{
    "experiment_time_result": 1698333547.7560847,
    "play_result": [
        1698333547.7564836,
        1698333552.6884465
    ],
    "record_result": [
        1698333547.7569413,
        1698333552.8005261
    ],
    "is_play_finish": true,
    "is_record_finish": true,
    "process_status": {
        "Experiment": "Audio",
        "process_handle_results": 200
    }
}