{
    "experiment_time_result": 1698334361.9564083,
    "play_result": [
        1698334361.9567914,
        1698334366.9056737
    ],
    "record_result": [
        1698334361.9572904,
        1698334367.0093474
    ],
    "is_play_finish": true,
    "is_record_finish": true,
    "process_status": {
        "Experiment": "Audio",
        "process_handle_results": 200
    }
}