{
    "experiment_time_result": 1698393324.7991033,
    "play_result": [
        1698393324.7994823,
        1698393329.7627437
    ],
    "record_result": [
        1698393324.7999105,
        1698393329.856706
    ],
    "is_play_finish": true,
    "is_record_finish": true,
    "process_status": {
        "Experiment": "Audio",
        "process_handle_results": 200
    }
}