{
    "experiment_time_result": 1698421820.1015394,
    "play_result": [
        1698421820.1017892,
        1698421825.0428743
    ],
    "record_result": [
        1698421820.1072164,
        1698421825.1506584
    ],
    "is_play_finish": true,
    "is_record_finish": true,
    "process_status": {
        "Experiment": "Audio",
        "process_handle_results": 200
    }
}